ID,year,giving
9,2019,5
32,2019,51
61,2019,5000
86,2019,20
98,2019,120
109,2019,25
116,2019,10
121,2019,500
142,2019,5
188,2019,120
196,2019,1500
224,2019,1
245,2019,480
256,2019,1
266,2019,25
292,2019,25
306,2019,75
311,2019,120
342,2019,200
363,2019,40
373,2019,40
377,2019,40
410,2019,53
414,2019,200
416,2019,20
421,2019,10
436,2019,25
441,2019,50
469,2019,120
471,2019,3000
477,2019,1
483,2019,3000
497,2019,120
511,2019,90
546,2019,25
574,2019,25
599,2019,35
613,2019,400
619,2019,50
621,2019,90
625,2019,75
634,2019,360
654,2019,135
675,2019,100
680,2019,50
732,2019,1626
742,2019,1
745,2019,40
762,2019,150
790,2019,100
791,2019,100
816,2019,50
829,2019,230
841,2019,100
847,2019,100
856,2019,1
876,2019,80
881,2019,120
922,2019,90
925,2019,210
926,2019,100
949,2019,75
965,2019,1
977,2019,500
980,2019,130
991,2019,500
1043,2019,1
1046,2019,1
1056,2019,500
1061,2019,90
1070,2019,100
1073,2019,1
1107,2019,180
1117,2019,15
1153,2019,40
1172,2019,344
1173,2019,150
1182,2019,135
1189,2019,90
1200,2019,150
1218,2019,50000
1271,2019,1
1290,2019,25
1323,2019,108
1325,2019,500000
1329,2019,1
1332,2019,1
1336,2019,500
1338,2019,1
1375,2019,100
1384,2019,360
1413,2019,20
1417,2019,50
1430,2019,100
1454,2019,200
1485,2019,1
1517,2019,100
1522,2019,195
1523,2019,40
1529,2019,20
1532,2019,50
1537,2019,120
1547,2019,25
1553,2019,180
1567,2019,110
1590,2019,100
1591,2019,5
1608,2019,50
1633,2019,1
1635,2019,20
1651,2019,100
1658,2019,100
1668,2019,50
1670,2019,1
1673,2019,50
1681,2019,1
1684,2019,1
1687,2019,1
1709,2019,50
1716,2019,300
1738,2019,250
1743,2019,100
1750,2019,100
1754,2019,98
1791,2019,180
1804,2019,1
1811,2019,1
1818,2019,20
1838,2019,1000
1848,2019,219
1870,2019,1368
1881,2019,50
1889,2019,100
1899,2019,200
1911,2019,100
1921,2019,1
1938,2019,30
1957,2019,15
1974,2019,50
1975,2019,240
1982,2019,90
1983,2019,1
2018,2019,30
2025,2019,3
2026,2019,50
2032,2019,65
2072,2019,75
2074,2019,715
2111,2019,400
2141,2019,1
2159,2019,40
2171,2019,90
2173,2019,500000
2193,2019,240
2208,2019,1
2211,2019,5
2217,2019,1
2237,2019,100
2275,2019,1
2286,2019,30
2309,2019,1
2361,2019,160
2414,2019,165
2421,2019,1
2424,2019,1
2444,2019,30
2462,2019,1630
2476,2019,40
2477,2019,25
2486,2019,100
2501,2019,200
2547,2019,2
2551,2019,80
2593,2019,100
2624,2019,120
2636,2019,1500
2650,2019,1700
2662,2019,25
2674,2019,65
2701,2019,1
2713,2019,120
2730,2019,200
2731,2019,1
2735,2019,260
2821,2019,100
2827,2019,40
2857,2019,3000
2861,2019,1
2871,2019,180
2881,2019,450
2882,2019,50
2891,2019,1
2895,2019,2
2910,2019,100
2929,2019,19505
2935,2019,50
2957,2019,100
2963,2019,25
2964,2019,20
2981,2019,20
2994,2019,1
2999,2019,5
3016,2019,50
3019,2019,40
3022,2019,4500
3024,2019,100
3043,2019,20
3062,2019,120
3112,2019,250
3113,2019,135
3115,2019,195
3116,2019,300
3138,2019,100
3150,2019,180
3170,2019,100
3173,2019,1000
3176,2019,1
3191,2019,130
3194,2019,50
3215,2019,35
3235,2019,96
3243,2019,30
3265,2019,1
3268,2019,50
3278,2019,40
3279,2019,25
3287,2019,3000
3302,2019,100
3304,2019,40
3346,2019,120
3358,2019,3000
3371,2019,1
3375,2019,200
3455,2019,1
3456,2019,1626
3464,2019,1
3476,2019,1
3479,2019,90
3490,2019,120
3496,2019,1
3513,2019,25
3514,2019,2
3524,2019,1300
3528,2019,100
3531,2019,50
3541,2019,210
3561,2019,30
3584,2019,500
3588,2019,208
3669,2019,510
3726,2019,1
3728,2019,210
3729,2019,120
3732,2019,100
3742,2019,25
3751,2019,2000
3763,2019,100
3765,2019,10
3783,2019,1
3793,2019,1
3825,2019,20
3828,2019,250
3832,2019,1
3843,2019,5
3931,2019,98
3949,2019,235
3951,2019,100
3960,2019,1
3968,2019,1
4001,2019,1
4026,2019,1
4062,2019,30
4068,2019,100
4070,2019,1
4082,2019,120
4098,2019,75
4114,2019,3000
4133,2019,3000
4137,2019,100
4139,2019,1
4172,2019,100
4181,2019,1
4190,2019,1
4218,2019,130
4285,2019,1
4288,2019,1
4313,2019,52
4334,2019,120
4347,2019,40
4351,2019,90
4376,2019,50
4378,2019,50
4382,2019,120
4404,2019,100
4406,2019,5
4433,2019,30
4454,2019,20
4463,2019,20
4466,2019,120
4484,2019,50
4491,2019,1
4541,2019,20
4574,2019,1
4578,2019,130
4599,2019,50
4603,2019,2
4605,2019,1294
4611,2019,25
4621,2019,1550
4640,2019,1
4647,2019,250
4651,2019,1
4656,2019,315
4686,2019,135
4690,2019,75
4715,2019,500
4716,2019,50
4722,2019,75
4750,2019,110
4796,2019,145
4809,2019,50
4826,2019,200
4827,2019,200
4849,2019,100
4863,2019,10
4874,2019,50
4899,2019,1
4920,2019,3000
4924,2019,50
4935,2019,90
4973,2019,200
4979,2019,100
5025,2019,1
5032,2019,1
5033,2019,250
5037,2019,120
5044,2019,100
5055,2019,80
5064,2019,60
5075,2019,2
5081,2019,90
5101,2019,1
5119,2019,100
5139,2019,1
5152,2019,1
5154,2019,1
5163,2019,200
5188,2019,10850
5196,2019,2
5204,2019,325
5218,2019,1
5266,2019,25
5275,2019,180
5281,2019,50
5287,2019,120
5303,2019,100
5306,2019,25
5321,2019,10
5330,2019,15
5339,2019,1
5343,2019,192
5368,2019,1
5376,2019,100
5390,2019,50
5396,2019,25
5405,2019,1
5406,2019,150
5471,2019,100
5486,2019,5
5512,2019,1
5525,2019,15
5539,2019,150
5551,2019,205
5577,2019,50
5586,2019,200
5614,2019,100
5637,2019,50
5639,2019,10
5669,2019,33
5693,2019,25
5703,2019,2
5720,2019,120
5725,2019,145
5731,2019,1
5755,2019,5176
5765,2019,30
5774,2019,100
5782,2019,25
5791,2019,200
5792,2019,600
5801,2019,40
5813,2019,1
5819,2019,70
5833,2019,120
5838,2019,1
5849,2019,1
5863,2019,300
5865,2019,25
5874,2019,1
5886,2019,1
5890,2019,130
5903,2019,1
5920,2019,120
5929,2019,25
5931,2019,1
5932,2019,100
5971,2019,1000
6034,2019,240
6046,2019,70
6050,2019,826
6070,2019,1
6076,2019,50
6077,2019,300
6080,2019,180
6097,2019,250
6100,2019,500
6108,2019,1
6127,2019,1
6137,2019,1
6146,2019,1
6148,2019,180
6152,2019,750
6160,2019,60
6167,2019,2750
6182,2019,100
6186,2019,40
6190,2019,120
6199,2019,90
6210,2019,450
6214,2019,150
6271,2019,120
6279,2019,75
6284,2019,2
6311,2019,98
6326,2019,75
6328,2019,1000
6356,2019,1
6377,2019,1
6387,2019,5
6389,2019,110
6392,2019,5
6406,2019,85
6422,2019,100
6427,2019,75
6554,2019,300
6558,2019,25
6566,2019,1100
6581,2019,850
6589,2019,120
6633,2019,1
6660,2019,50
6682,2019,25
6709,2019,90000
6715,2019,50
6740,2019,500
6769,2019,65
6772,2019,3300
6778,2019,10
6799,2019,120
6806,2019,1
6813,2019,244
6826,2019,1
6861,2019,1
6887,2019,50
6906,2019,1
6915,2019,100
6920,2019,1
6931,2019,265
6963,2019,500
6990,2019,50
6994,2019,60
6999,2019,1100
7012,2019,65
7014,2019,1
7017,2019,100
7028,2019,1
7045,2019,1
7063,2019,750
7089,2019,500
7100,2019,1
7102,2019,200
7119,2019,1
7125,2019,20
7133,2019,130
7138,2019,5
7164,2019,180
7170,2019,1450
7234,2019,25
7248,2019,1
7261,2019,50
7272,2019,1
7274,2019,10
7280,2019,200
7295,2019,100
7304,2019,3000
7312,2019,1
7332,2019,21
7348,2019,90
7349,2019,10
7360,2019,200
7369,2019,300
7378,2019,1
7386,2019,100
7422,2019,45
7424,2019,150
7430,2019,11
7433,2019,1
7463,2019,98
7466,2019,100
7475,2019,2600
7483,2019,1
7509,2019,1
7524,2019,6000
7554,2019,500
7570,2019,150
7611,2019,50
7618,2019,1
7672,2019,1
7684,2019,25
7751,2019,80
7759,2019,200
7763,2019,25
7784,2019,500
7785,2019,1
7793,2019,1
7799,2019,50
7806,2019,50
7807,2019,1
7808,2019,195
7820,2019,20
7845,2019,200
7858,2019,170
7868,2019,3100
7881,2019,1
7888,2019,40
7903,2019,25
7922,2019,80
7984,2019,30
8006,2019,100
8011,2019,30
8017,2019,1
8032,2019,100
8040,2019,1
8055,2019,1
8079,2019,275
8093,2019,10
8116,2019,235
8125,2019,26
8157,2019,1
8195,2019,400
8207,2019,1
8209,2019,1
8249,2019,1
8252,2019,20
8258,2019,130
8279,2019,30
8299,2019,1
8309,2019,65
8318,2019,25
8356,2019,1
8365,2019,1
8370,2019,1
8385,2019,300
8417,2019,1000
8428,2019,200
8433,2019,25
8483,2019,50
8516,2019,25
8519,2019,1
8536,2019,25
8544,2019,100
8547,2019,25
8554,2019,1
8601,2019,1
8633,2019,1100
8648,2019,15
8667,2019,50
8702,2019,1141
8704,2019,90
8720,2019,55
8740,2019,1
8745,2019,100
8777,2019,250
8785,2019,30
8801,2019,150
8816,2019,50
8832,2019,1
8848,2019,100
8853,2019,240
8857,2019,120
8864,2019,1
8872,2019,120
8875,2019,1
8900,2019,140
8923,2019,220
8928,2019,90
8938,2019,5
8952,2019,40
8958,2019,1000
8968,2019,1
8969,2019,130
9011,2019,1
9014,2019,75
9016,2019,100
9018,2019,120
9022,2019,850
9026,2019,130
9038,2019,1
9047,2019,55
9061,2019,40
9073,2019,7000
9107,2019,1
9122,2019,100
9139,2019,315
9150,2019,2500
9151,2019,210
9160,2019,2
9161,2019,150
9183,2019,1
9191,2019,200
9197,2019,500
9209,2019,170
9221,2019,15
9230,2019,25
9270,2019,3
9271,2019,1
9277,2019,240
9279,2019,50
9288,2019,200
9294,2019,180
9301,2019,10000
9324,2019,500
9341,2019,200
9405,2019,375
9433,2019,144
9442,2019,25
9445,2019,1
9477,2019,50
9501,2019,500
9506,2019,200
9526,2019,50
9569,2019,150
9608,2019,60
9619,2019,200
9650,2019,5000
9673,2019,60
9701,2019,30
9705,2019,180
9712,2019,50
9724,2019,40
9725,2019,200
9739,2019,1
9752,2019,1
9794,2019,75
9808,2019,1
9833,2019,108
9863,2019,1000
9867,2019,100
9869,2019,50
9893,2019,6000
9941,2019,20
9944,2019,186
9959,2019,25
9965,2019,1000
10012,2019,50
10015,2019,150
10019,2019,200
10059,2019,120
10078,2019,145
10082,2019,70
10091,2019,20
10099,2019,1
10130,2019,165
10153,2019,180
10158,2019,1
10164,2019,75
10165,2019,50
10189,2019,470
10203,2019,25
10208,2019,100
10227,2019,100
10229,2019,1833
10248,2019,2463
10274,2019,388
10279,2019,150
10285,2019,40
10298,2019,500
10319,2019,1
10320,2019,1
10335,2019,1
10345,2019,1
10347,2019,50
10360,2019,100
10364,2019,1
10394,2019,1
10411,2019,50
10419,2019,40
10432,2019,120
10437,2019,10
10439,2019,25
10481,2019,80
10497,2019,50
10510,2019,1
10512,2019,160
10519,2019,26
10533,2019,25
10534,2019,140
10570,2019,1
10599,2019,1
10633,2019,100
10668,2019,20
10686,2019,1
10689,2019,25
10698,2019,1
10700,2019,1
10703,2019,75
10708,2019,40
10717,2019,200
10730,2019,1
10732,2019,225
10759,2019,16
10774,2019,85
10792,2019,1
10806,2019,260
10829,2019,1
10832,2019,40
10848,2019,150
10852,2019,100
10860,2019,1
10888,2019,25
10906,2019,1
10908,2019,80
10915,2019,15
10933,2019,50
10947,2019,150
10959,2019,2
10961,2019,1200
10965,2019,1
10968,2019,1
10971,2019,50
10976,2019,500
10985,2019,195
11002,2019,89
11021,2019,20
11023,2019,1
11036,2019,120
11039,2019,20
11042,2019,120
11048,2019,10
11057,2019,2
11079,2019,20
11101,2019,1
11129,2019,40
11157,2019,1
11187,2019,1
11189,2019,300
11214,2019,1
11217,2019,130
11239,2019,195
11241,2019,200
11268,2019,25
11273,2019,1
11274,2019,100
11275,2019,1
11284,2019,10
11290,2019,1
11310,2019,300
11321,2019,45
11323,2019,200
11329,2019,480
11362,2019,50
11369,2019,98
11377,2019,1
11381,2019,1
11386,2019,75
11396,2019,24
11398,2019,45
11402,2019,120
11405,2019,25
11412,2019,10
11421,2019,120
11466,2019,250
11478,2019,1
11480,2019,6
11486,2019,130
11490,2019,1
11534,2019,50
11547,2019,20
11551,2019,1
11578,2019,5
11602,2019,70
11604,2019,25
11636,2019,240
11648,2019,1
11654,2019,10
11672,2019,200
11684,2019,120
11707,2019,150
11714,2019,60
11716,2019,1
11724,2019,1800
11751,2019,30
11752,2019,70
11757,2019,100
11759,2019,200
11771,2019,120
11853,2019,1
11862,2019,195
11873,2019,25
11879,2019,1
11887,2019,55
11890,2019,30
11900,2019,50
11925,2019,20
11934,2019,11700
11935,2019,1495
11957,2019,200
11960,2019,30
11963,2019,90
11969,2019,90
11975,2019,145
11991,2019,15
11995,2019,30
12014,2019,5
12016,2019,26
12070,2019,120
12083,2019,180
12087,2019,120
12088,2019,50
12093,2019,52
12109,2019,1
12115,2019,100
12132,2019,1
12173,2019,70
12202,2019,1
12203,2019,130
12220,2019,1
12238,2019,50
12260,2019,90
12274,2019,50
12285,2019,120
12288,2019,180
12292,2019,300
12315,2019,163
12361,2019,100
12395,2019,100
12425,2019,1
12429,2019,80
12430,2019,1
12441,2019,120
12451,2019,500
12455,2019,100
12460,2019,50
12461,2019,240
12522,2019,120
12551,2019,120
12576,2019,150
12602,2019,25
12604,2019,2
12610,2019,50
12617,2019,40
12639,2019,300
12646,2019,75
12651,2019,20
12654,2019,110
12659,2019,50
12666,2019,101
12699,2019,500
12703,2019,2
12745,2019,50
12768,2019,75
12778,2019,40
12785,2019,1
12790,2019,1300
12823,2019,1
12833,2019,750
12846,2019,8500
12864,2019,5
12892,2019,120
12912,2019,1
12934,2019,250
12936,2019,40
12938,2019,100
12984,2019,100
12999,2019,1
13003,2019,7500
13007,2019,120
13011,2019,50
13032,2019,40
13038,2019,150
13039,2019,180
13043,2019,5300
13052,2019,2
13056,2019,35
13072,2019,250
13080,2019,25
13100,2019,1
13105,2019,100
13149,2019,1
13161,2019,200
13177,2019,1
13184,2019,50
13185,2019,142
13210,2019,90
13226,2019,1300
13239,2019,250
13246,2019,80
13251,2019,3000
13265,2019,1
13271,2019,30
13293,2019,100
13304,2019,200
13343,2019,1
13352,2019,1
13361,2019,10
13378,2019,750
13390,2019,192
13396,2019,200
13407,2019,50
13413,2019,100
13456,2019,30
13469,2019,11700
13482,2019,300
13512,2019,130
13514,2019,50
13524,2019,26
13560,2019,180
13571,2019,120
13590,2019,1
13603,2019,25
13619,2019,100
13625,2019,1
13660,2019,305
13675,2019,305
13677,2019,1
13678,2019,85
13687,2019,50
13696,2019,2
13698,2019,10
13709,2019,50
13726,2019,25
13728,2019,1
13743,2019,1
13768,2019,100
13828,2019,2463
13829,2019,1
13850,2019,50
13913,2019,1
13919,2019,120
13945,2019,200
13958,2019,25
13964,2019,1
13972,2019,20
14003,2019,40
14006,2019,25
14052,2019,51
14076,2019,21
14080,2019,1
14115,2019,45
14116,2019,180
14118,2019,65
14184,2019,195
14187,2019,90
14196,2019,550
14199,2019,90
14227,2019,500
14252,2019,120
14259,2019,20
14261,2019,1
14293,2019,100
14294,2019,1
14304,2019,40
14305,2019,1
14321,2019,500
14329,2019,100
14336,2019,1
14344,2019,25200
14367,2019,50
14376,2019,210
14382,2019,108
14398,2019,6
14403,2019,1800
14407,2019,5
14432,2019,120
14439,2019,100
14445,2019,120
14453,2019,40
14469,2019,550
14471,2019,100
14473,2019,25
14481,2019,1
14488,2019,300
14495,2019,25
14517,2019,100
14519,2019,26
14524,2019,120
14529,2019,50
14574,2019,100
14607,2019,1
14615,2019,195
14635,2019,500
14645,2019,100
14684,2019,500
14701,2019,6
14706,2019,1
14721,2019,4
14727,2019,25
14732,2019,826
14737,2019,210
14740,2019,25
14743,2019,1
14756,2019,76
14764,2019,1
14780,2019,50
14789,2019,40
14810,2019,60
14818,2019,25
14819,2019,10
14821,2019,300
14829,2019,1
14869,2019,205
14875,2019,3000
14880,2019,1500
14892,2019,260
14898,2019,90
14900,2019,600
14904,2019,25
14912,2019,110
14924,2019,120
14947,2019,1
14952,2019,1000
14954,2019,500
14973,2019,36
14981,2019,1
14984,2019,510
14989,2019,120
14990,2019,1
14996,2019,25
15023,2019,15
15029,2019,25
15035,2019,200
15037,2019,180
15038,2019,120
15052,2019,51
15063,2019,510
15068,2019,2
15073,2019,1
15094,2019,1
15105,2019,1
15113,2019,101
15120,2019,85
15142,2019,1
15145,2019,135
15153,2019,100
15157,2019,500
15164,2019,200
15167,2019,100
15177,2019,1
15190,2019,700
15194,2019,10
15251,2019,250
15261,2019,1
15335,2019,130
15340,2019,1000
15349,2019,50
15356,2019,150
15357,2019,40
15375,2019,145
15396,2019,6100
15413,2019,100
15414,2019,40
15423,2019,20
15425,2019,1
15436,2019,240
15439,2019,195
15451,2019,36
15458,2019,1
15467,2019,200
15482,2019,500
15499,2019,1
15503,2019,1
15514,2019,375
15522,2019,15
15546,2019,150
15557,2019,130
15567,2019,1
15569,2019,20
15624,2019,120
15633,2019,108
15641,2019,20
15660,2019,5000
15669,2019,50
15673,2019,25
15681,2019,25
15690,2019,10000
15724,2019,30000
15751,2019,50
15758,2019,21
15767,2019,25
15768,2019,1
15784,2019,50
15785,2019,7510
15797,2019,25
15810,2019,1
15829,2019,100
15840,2019,150
15860,2019,2000
15867,2019,3100
15884,2019,50
15912,2019,90
15913,2019,130
15936,2019,50
15949,2019,100
15955,2019,50
15989,2019,1000
15993,2019,10
16017,2019,30
16031,2019,50
16034,2019,1
16043,2019,10
16044,2019,50
16057,2019,50
16060,2019,500
16074,2019,50
16075,2019,1
16077,2019,25
16086,2019,1
16091,2019,180
16093,2019,75
16120,2019,1
16130,2019,25
16138,2019,1
16139,2019,130
16153,2019,1
16170,2019,100
16181,2019,265
16192,2019,50
16270,2019,100
16271,2019,120
16316,2019,60
16320,2019,150
16342,2019,200
16345,2019,50
16355,2019,1
16358,2019,50
16372,2019,40
16388,2019,50
16392,2019,50
16397,2019,50
16409,2019,90
16417,2019,30
16424,2019,300
16443,2019,1
16457,2019,190
16465,2019,200
16472,2019,700
16478,2019,1
16496,2019,130
16510,2019,100
16518,2019,25
16521,2019,1
16535,2019,5
16537,2019,1
16579,2019,250
16615,2019,1
16616,2019,300
16626,2019,1635
16643,2019,2500
16681,2019,1
16699,2019,50
16702,2019,120
16703,2019,101
16721,2019,100
16729,2019,200
16740,2019,5
16816,2019,180
16822,2019,50
16846,2019,100
16853,2019,100
16858,2019,350
16870,2019,250
16908,2019,400
16963,2019,100
16974,2019,1
16975,2019,100
17003,2019,1
17022,2019,50
17029,2019,35
17071,2019,1
17085,2019,1520
17105,2019,1
17111,2019,90
17122,2019,120
17125,2019,10000
17165,2019,40
17167,2019,1
17174,2019,90
17178,2019,1
17185,2019,80
17209,2019,1
17213,2019,108
17222,2019,40
17284,2019,1
17298,2019,1
17300,2019,100
17305,2019,1
17307,2019,1
17309,2019,150
17331,2019,1
17333,2019,20
17338,2019,100
17344,2019,1
17347,2019,6000
17351,2019,1
17364,2019,509
17451,2019,1500
17475,2019,1
17524,2019,250
17535,2019,20
17542,2019,90
17571,2019,25
17573,2019,1
17588,2019,100
17597,2019,2463
17598,2019,75
17601,2019,25
17621,2019,195
17665,2019,1
17685,2019,45
17686,2019,1
17721,2019,240
17787,2019,39
17794,2019,1
17796,2019,15
17811,2019,1
17815,2019,150
17829,2019,25
17850,2019,1
17867,2019,320
17868,2019,156
17873,2019,1
17876,2019,20
17889,2019,20
17902,2019,1
17916,2019,400
17948,2019,130
17981,2019,5
17988,2019,150
17993,2019,470
17998,2019,100
18018,2019,1
18035,2019,25
18057,2019,1
18075,2019,150
18088,2019,200
18090,2019,90
18092,2019,75
18100,2019,1
18101,2019,1
18105,2019,50
18115,2019,50
18118,2019,120
18143,2019,428
18149,2019,1
18166,2019,3
18181,2019,40
18188,2019,10000
18199,2019,1
18204,2019,1
18208,2019,25
18216,2019,20
18229,2019,145
18237,2019,500
18244,2019,25
18246,2019,100
18249,2019,25
18267,2019,1
18289,2019,105
18290,2019,45
18305,2019,10
18318,2019,1
18325,2019,96
18333,2019,80
18342,2019,40
18350,2019,33
18370,2019,250
18400,2019,1
18405,2019,10000000
18407,2019,180
18408,2019,5
18417,2019,1
18429,2019,25
18449,2019,75
18453,2019,15
18454,2019,250
18497,2019,25
18507,2019,1
18525,2019,50
18530,2019,121
18536,2019,250
18540,2019,20
18547,2019,1
18557,2019,340
18560,2019,180
18620,2019,1
18630,2019,20
18640,2019,25
18661,2019,50
18685,2019,25
18687,2019,2
18693,2019,1
18720,2019,1
18724,2019,1
18746,2019,50
18758,2019,125
18764,2019,1
18784,2019,25
18805,2019,6
18815,2019,5
18828,2019,120
18838,2019,1
18867,2019,1
18870,2019,50
18881,2019,150
18893,2019,170
18899,2019,1
18914,2019,120
18940,2019,1
18942,2019,1635
18954,2019,180
19008,2019,1
19014,2019,1000
19027,2019,100
19034,2019,1
19074,2019,1
19076,2019,1
19084,2019,1000
19129,2019,1020
19148,2019,1
19150,2019,1954
19156,2019,150
19157,2019,108
19181,2019,25
19205,2019,1
19214,2019,40
19232,2019,100
19245,2019,180
19248,2019,40
19288,2019,120
19296,2019,25
19301,2019,100
19302,2019,4900
19309,2019,56
19318,2019,25
19363,2019,1
19368,2019,100
19387,2019,180
19392,2019,50
19440,2019,35
19442,2019,1
19463,2019,75
19479,2019,100
19504,2019,65
19535,2019,225
19549,2019,100
19581,2019,1
19593,2019,25
19598,2019,40
19608,2019,100
19653,2019,1000
19660,2019,1
19661,2019,18
19674,2019,25
19693,2019,110
19724,2019,50
19770,2019,25
19771,2019,40
19791,2019,1
19800,2019,1
19802,2019,50
19807,2019,130
19814,2019,1
19818,2019,2
19834,2019,100
19837,2019,200
19840,2019,100
19842,2019,50
19894,2019,50
19911,2019,1
19946,2019,400
19966,2019,30
19968,2019,180
19971,2019,33
19993,2019,60
20011,2019,100
20022,2019,100
20040,2019,350
20072,2019,1
20101,2019,100
20114,2019,1
20118,2019,2
20122,2019,510
20125,2019,120
20128,2019,120
20140,2019,120
20142,2019,2000
20145,2019,125
20154,2019,20
20157,2019,1
20158,2019,40
20182,2019,75
20244,2019,1
20273,2019,120
20287,2019,100
20314,2019,10000
20342,2019,25
20387,2019,150
20388,2019,90
20394,2019,1
20396,2019,100
20405,2019,25
20410,2019,20
20450,2019,10
20516,2019,50
20535,2019,1
20537,2019,25
20564,2019,10
20575,2019,40
20581,2019,50
20586,2019,1
20594,2019,108
20629,2019,25
20630,2019,1
20633,2019,200
20634,2019,15
20640,2019,50
20647,2019,2000
20667,2019,200
20686,2019,37100
20688,2019,120
20698,2019,1
20700,2019,1
20718,2019,5
20724,2019,1
20734,2019,10
20737,2019,10
20738,2019,100
20761,2019,240
20769,2019,20
20786,2019,100
20799,2019,1
20811,2019,100
20849,2019,500
20853,2019,33
20863,2019,500
20881,2019,10
20882,2019,5000
20902,2019,1
20914,2019,120
20938,2019,50
20980,2019,50
21002,2019,50
21028,2019,25
21050,2019,550
21061,2019,25
21080,2019,1
21087,2019,1
21088,2019,60
21101,2019,150
21102,2019,20
21107,2019,50
21118,2019,75
21122,2019,30
21131,2019,350
21140,2019,1
21199,2019,1
21210,2019,5
21211,2019,25
21236,2019,120
21269,2019,250
21280,2019,1
21290,2019,120
21305,2019,25
21339,2019,50
21352,2019,500
21370,2019,1
21408,2019,150
21412,2019,25
21436,2019,200
21456,2019,185
21466,2019,1
21475,2019,1
21492,2019,10000
21527,2019,500
21529,2019,60
21537,2019,1
21590,2019,50
21612,2019,200
21619,2019,25
21627,2019,25
21633,2019,50
21664,2019,40
21677,2019,50
21689,2019,250
21691,2019,130
21757,2019,80
21815,2019,180
21835,2019,1
21849,2019,120
21859,2019,1
21879,2019,120
21929,2019,1
21936,2019,25
21974,2019,1
21981,2019,25
21992,2019,1
22008,2019,42000
22017,2019,208
22023,2019,200
22025,2019,50
22061,2019,180
22070,2019,26
22086,2019,25
22136,2019,100
22137,2019,145
22147,2019,10
22158,2019,370
22166,2019,75
22171,2019,120
22211,2019,40
22239,2019,130
22253,2019,50
22342,2019,1
22345,2019,1368
22349,2019,25
22362,2019,600
22367,2019,1500
22372,2019,1
22385,2019,1
22395,2019,1
22398,2019,500
22419,2019,17500
22428,2019,60
22431,2019,120
22458,2019,150
22467,2019,100
22477,2019,120
22486,2019,100
22490,2019,100
22502,2019,1
22504,2019,75
22545,2019,20
22576,2019,35
22656,2019,50
22670,2019,50
22681,2019,500
22682,2019,20
22685,2019,20
22711,2019,25
22722,2019,500
22727,2019,40
22742,2019,195
22801,2019,300
22837,2019,50
22870,2019,1
22880,2019,50
22887,2019,130
22932,2019,45
22970,2019,1
22992,2019,100
23019,2019,1
23043,2019,100
23071,2019,4000
23079,2019,10
23101,2019,344
23106,2019,100
23119,2019,50
23132,2019,100
23151,2019,15
23192,2019,1
23196,2019,1
23214,2019,1
23225,2019,80
23240,2019,181
23263,2019,100
23270,2019,5
23281,2019,50
23282,2019,1001
23285,2019,100
23291,2019,36
23314,2019,3000
23330,2019,52325
23333,2019,25
23335,2019,1
23346,2019,2000
23354,2019,10000
23358,2019,500
23369,2019,100
23371,2019,90
23385,2019,90
23437,2019,150
23493,2019,100
23502,2019,40
23528,2019,50
23558,2019,160
23567,2019,25
23569,2019,100
23577,2019,2
23615,2019,500
23620,2019,20
23623,2019,250
23628,2019,1
23642,2019,2500
23661,2019,50
23669,2019,25
23692,2019,200
23707,2019,1
23737,2019,108
23764,2019,90
23778,2019,25
23781,2019,1
23819,2019,1
23832,2019,120
23855,2019,100
23857,2019,50
23863,2019,120
23872,2019,15
23873,2019,150
23887,2019,120
23892,2019,75
23899,2019,300
23924,2019,11
23926,2019,90
23927,2019,1630
23963,2019,10
23979,2019,195
23984,2019,130
23987,2019,3000
23995,2019,200
24000,2019,2020
24015,2019,100
24016,2019,260
24034,2019,1
24036,2019,181
24066,2019,260
24087,2019,1
24102,2019,2
24106,2019,1
24108,2019,1
24109,2019,1
24110,2019,100
24125,2019,36
24129,2019,300
24130,2019,25
24154,2019,205
24176,2019,100
24200,2019,200
24204,2019,150
24223,2019,2000
24224,2019,50
24250,2019,65
24293,2019,50
24301,2019,20
24302,2019,1
24304,2019,1
24306,2019,750
24309,2019,4900
24340,2019,1001
24359,2019,1
24365,2019,10
24456,2019,1000
24476,2019,50
24500,2019,20
24504,2019,60
24527,2019,20
24545,2019,240
24549,2019,100
24550,2019,15
24564,2019,60
24571,2019,120
24577,2019,500
24585,2019,500
24591,2019,3000
24605,2019,50
24612,2019,120
24613,2019,120
24614,2019,1000
24654,2019,25
24669,2019,72
24673,2019,10000
24677,2019,25
24684,2019,108
24692,2019,3000
24693,2019,250
24696,2019,450
24697,2019,10
24715,2019,1
24717,2019,25
24752,2019,26
24753,2019,120
24771,2019,1
24805,2019,25
24842,2019,340
24843,2019,70
24850,2019,100
24887,2019,90
24920,2019,50
24931,2019,300
24945,2019,75
24947,2019,50
24948,2019,20
24952,2019,1
25001,2019,1
25016,2019,80
25029,2019,165
25076,2019,100
25084,2019,600
25197,2019,1
25207,2019,50
25224,2019,195
25238,2019,180
25269,2019,140
25284,2019,1
25302,2019,1
25307,2019,5500
25309,2019,100
25323,2019,50
25402,2019,40
25443,2019,100
25457,2019,1
25466,2019,25
25469,2019,1550
25471,2019,11
25492,2019,50
25499,2019,50
25501,2019,300
25517,2019,25
25518,2019,1
25520,2019,1
25557,2019,350
25574,2019,120
25583,2019,10
25604,2019,5
25611,2019,1
25627,2019,1
25662,2019,1
25666,2019,100
25668,2019,75
25672,2019,200
25675,2019,120
25679,2019,90
25714,2019,1
25722,2019,30
25725,2019,40
25788,2019,50
25808,2019,100
25821,2019,25
25829,2019,50
25852,2019,25
25933,2019,130
25936,2019,1
25937,2019,1
25942,2019,1
25947,2019,7500
25948,2019,1
25959,2019,1
25973,2019,450
25976,2019,150
25977,2019,1000
26025,2019,15
26034,2019,240
26057,2019,101
26061,2019,70
26073,2019,30
26083,2019,1
26108,2019,1
26119,2019,1
26135,2019,25
26136,2019,40
26137,2019,70
26171,2019,36
26173,2019,125
26181,2019,200
26201,2019,80
26244,2019,11
26268,2019,50
26269,2019,25
26285,2019,1000
26303,2019,3000
26334,2019,1
26336,2019,2
26344,2019,50
26350,2019,1
26353,2019,100
26354,2019,50
26364,2019,17
26419,2019,10
26428,2019,3000
26478,2019,200
26483,2019,325
26489,2019,1
26503,2019,200
26505,2019,50
26508,2019,1
26528,2019,15
26554,2019,1
26555,2019,1
26558,2019,100
26567,2019,1
26581,2019,25
26597,2019,1
26600,2019,5000
26632,2019,500
26639,2019,80
26642,2019,180
26649,2019,163
26653,2019,120
26655,2019,100
26657,2019,1
26705,2019,1
26715,2019,3
26752,2019,50
26754,2019,1
26759,2019,1
26810,2019,175
26813,2019,50
26822,2019,120
26831,2019,2
26836,2019,100
26839,2019,5
26859,2019,1
26864,2019,120
26881,2019,1
26927,2019,75
26952,2019,100
26957,2019,1
26961,2019,120
26969,2019,60
26972,2019,100
26975,2019,1
26981,2019,300
27005,2019,2
27016,2019,180
27030,2019,325
27037,2019,1
27082,2019,1
27125,2019,1700
27126,2019,25
27142,2019,25
27146,2019,30
27179,2019,1
27185,2019,180
27192,2019,120
27210,2019,1
27238,2019,90000
27243,2019,1
27249,2019,25
27284,2019,100
27308,2019,20
27315,2019,6
27348,2019,1
27351,2019,1
27385,2019,200
27406,2019,10
27425,2019,1954
27431,2019,195
27432,2019,2
27433,2019,300
27445,2019,1
27456,2019,50
27463,2019,25
27464,2019,180
27475,2019,240
27483,2019,50
27485,2019,90
27492,2019,700
27511,2019,120
27516,2019,25
27529,2019,75
27546,2019,40
27550,2019,1
27560,2019,1
27579,2019,500
27584,2019,99954
27607,2019,100
27619,2019,1
27621,2019,1
27653,2019,1
27677,2019,120
27680,2019,300
27682,2019,25
27687,2019,19505
27697,2019,200
27709,2019,20
27710,2019,20
27725,2019,100
27740,2019,100
27745,2019,50
27748,2019,52
27758,2019,130
27759,2019,10
27772,2019,5
27854,2019,20
27858,2019,100
27897,2019,100
27904,2019,4900
27920,2019,2
27931,2019,1
27936,2019,1
27951,2019,250
27961,2019,200
27986,2019,25
27987,2019,101
27988,2019,1000
27992,2019,1
28016,2019,300
28019,2019,1500
28057,2019,1000
28071,2019,200
28074,2019,18
28109,2019,120
28114,2019,50
28128,2019,1
28139,2019,50
28144,2019,110
28148,2019,5075
28157,2019,1
28236,2019,40
28253,2019,100
28254,2019,1
28275,2019,1
28281,2019,53
28286,2019,260
28316,2019,1
28317,2019,1
28320,2019,1000
28322,2019,1
28325,2019,180
28345,2019,10
28351,2019,25
28376,2019,195
28381,2019,100
28409,2019,50
28426,2019,100
28436,2019,5000
28453,2019,135
28459,2019,25
28510,2019,25
28515,2019,500
28524,2019,100
28528,2019,1
28537,2019,100
28544,2019,20
28554,2019,100
28586,2019,25
28590,2019,15
28605,2019,1
28607,2019,150
28622,2019,200
28661,2019,120
28666,2019,208
28702,2019,1300
28756,2019,50
28794,2019,263
28804,2019,150
28813,2019,100
28821,2019,20
28854,2019,25
28859,2019,300
28885,2019,1
28891,2019,1
28894,2019,6100
28955,2019,1
28960,2019,300
28971,2019,70
28987,2019,50
29002,2019,190
29024,2019,40
29038,2019,1
29047,2019,20000
29056,2019,120
29062,2019,1
29065,2019,1
29101,2019,100
29116,2019,90
29118,2019,1
29140,2019,250
29144,2019,195
29158,2019,120
29169,2019,120
29172,2019,120
29181,2019,100
29206,2019,25200
29210,2019,20
29226,2019,70
29249,2019,652
29251,2019,100
29259,2019,145
29261,2019,1
29278,2019,5000
29284,2019,130
29286,2019,120
29304,2019,120
29331,2019,1
29356,2019,500
29365,2019,50
29380,2019,30
29394,2019,20
29405,2019,260
29413,2019,195
29429,2019,120
29455,2019,100
29460,2019,1
29475,2019,750
29480,2019,50
29485,2019,350
29505,2019,1
29507,2019,45
29520,2019,5
29533,2019,1
29536,2019,1
29552,2019,100
29581,2019,50
29598,2019,10
29628,2019,1
29635,2019,110
29645,2019,181
29650,2019,50
29652,2019,40
29654,2019,500
29657,2019,164
29668,2019,15
29672,2019,50
29681,2019,1
29704,2019,5
29715,2019,200
29729,2019,50
29745,2019,1
29801,2019,25
29816,2019,50
29845,2019,1
29854,2019,125
29857,2019,450
29881,2019,30
29897,2019,1
29924,2019,1
29933,2019,50
29944,2019,6
29954,2019,240
29968,2019,15
29980,2019,165
29988,2019,200
29993,2019,100
30019,2019,700
30022,2019,1
30025,2019,1000
30039,2019,1
30044,2019,90
30058,2019,300
30068,2019,500
30096,2019,1
30100,2019,180
30140,2019,185
30145,2019,1
30154,2019,36
30178,2019,25
30185,2019,250
30186,2019,25
30228,2019,5176
30229,2019,50
30231,2019,12
30271,2019,200
30298,2019,130
30302,2019,40
30307,2019,2146
30312,2019,1020
30327,2019,270
30331,2019,50
30341,2019,1
30356,2019,50
30361,2019,140
30372,2019,200
30388,2019,3400
30409,2019,10
30446,2019,120
30452,2019,180
30456,2019,120
30486,2019,135
30500,2019,200
30503,2019,120
30506,2019,1100
30538,2019,20
30550,2019,50
30552,2019,60
30576,2019,51
30598,2019,90
30614,2019,200
30621,2019,1
30623,2019,1
30651,2019,1
30661,2019,1
30682,2019,1
30696,2019,2061
30709,2019,100
30716,2019,90
30719,2019,50
30728,2019,15
30765,2019,125
30783,2019,110
30793,2019,1
30796,2019,1
30805,2019,50
30816,2019,150
30825,2019,25
30830,2019,25
30842,2019,715
30857,2019,40
30858,2019,100
30867,2019,30
30869,2019,504
30880,2019,8500
30883,2019,100
30895,2019,3000
30896,2019,50
30953,2019,25
30978,2019,1
30981,2019,3000
30996,2019,50
31022,2019,25
31042,2019,80
31062,2019,120
31070,2019,120
31075,2019,75
31078,2019,1
31154,2019,200
31163,2019,100
31186,2019,100
31196,2019,1
31208,2019,1800
31219,2019,80
31260,2019,50
31265,2019,50
31266,2019,1
31294,2019,3000
31298,2019,550
31335,2019,5000
31339,2019,400
31343,2019,1020
31349,2019,50
31365,2019,1
31372,2019,130
31373,2019,130
31382,2019,1
31410,2019,205
31455,2019,50
31478,2019,50
31500,2019,20
31524,2019,40
31527,2019,100
31532,2019,3000
31570,2019,100
31596,2019,1
31604,2019,180
31611,2019,25
31624,2019,1000
31630,2019,3257
31675,2019,1
31687,2019,250
31697,2019,500
31706,2019,50
31717,2019,25
31739,2019,1
31773,2019,250
31783,2019,1
31786,2019,60
31804,2019,300
31805,2019,20
31815,2019,65
31829,2019,100
31879,2019,150
31883,2019,70
31911,2019,156
31928,2019,1
31943,2019,1
31949,2019,100
31950,2019,200
31973,2019,200
32003,2019,150
32008,2019,320
32013,2019,1
32015,2019,30
32032,2019,40
32042,2019,120
32044,2019,300
32072,2019,3000
32091,2019,25
32113,2019,120
32115,2019,6
32116,2019,1
32118,2019,130
32138,2019,1
32150,2019,150
32159,2019,75
32175,2019,235
32177,2019,150
32180,2019,25
32190,2019,150
32212,2019,1
32213,2019,10
32218,2019,25
32223,2019,1
32225,2019,1
32228,2019,53
32231,2019,200
32240,2019,1
32286,2019,2290
32302,2019,100
32317,2019,150
32354,2019,500
32376,2019,40
32384,2019,500
32389,2019,40
32390,2019,220
32396,2019,1
32412,2019,100750
32415,2019,10
32419,2019,100
32427,2019,10
32473,2019,20
32497,2019,10
32502,2019,25
32516,2019,160
32545,2019,470
32554,2019,1495
32575,2019,25
32583,2019,90
32586,2019,3000
32595,2019,225
32619,2019,1
32628,2019,55
32646,2019,200
32660,2019,75
32677,2019,25
32682,2019,1
32687,2019,1
32714,2019,15
32718,2019,70
32721,2019,50
32774,2019,1
32797,2019,1
32829,2019,20
32833,2019,15
32835,2019,10
32837,2019,100
32844,2019,50
32851,2019,36
32860,2019,200
32864,2019,40
32873,2019,180
32876,2019,1
32893,2019,150
32901,2019,200
32918,2019,60
32925,2019,3000
32928,2019,100
32943,2019,120
32963,2019,1
32980,2019,25
32998,2019,100
33000,2019,600
33017,2019,20
33039,2019,1
33071,2019,500
33074,2019,2
33079,2019,500
33103,2019,120
33105,2019,250
33113,2019,30
33115,2019,1
33141,2019,50
33158,2019,30
33164,2019,60
33184,2019,25
33201,2019,1
33215,2019,1
33226,2019,50
33231,2019,25
33241,2019,120
33248,2019,1
33265,2019,1
33293,2019,25
33317,2019,100
33344,2019,260
33357,2019,200
33364,2019,35
33386,2019,50
33389,2019,180
33408,2019,120
33416,2019,100
33418,2019,300
33420,2019,1
33421,2019,100
33465,2019,195
33468,2019,195
33485,2019,60
33520,2019,10
33532,2019,39
33538,2019,303
33566,2019,1
33568,2019,40
33593,2019,50
33601,2019,125
33643,2019,50
33658,2019,1
33659,2019,10
33662,2019,1
33663,2019,1
33669,2019,225
33678,2019,300
33684,2019,300
33715,2019,1
33732,2019,100
33765,2019,1
33767,2019,20000
33769,2019,40
33795,2019,350
33803,2019,5
33809,2019,84
33813,2019,89
33815,2019,50
33818,2019,180
33872,2019,1
33880,2019,78419
33887,2019,1
33893,2019,500
33934,2019,130
33950,2019,36
34027,2019,50
34042,2019,20
34057,2019,500000
34079,2019,250
34099,2019,25
34100,2019,750
34107,2019,100
34126,2019,100
34129,2019,1
34151,2019,200
34165,2019,1
34167,2019,20
34170,2019,125
34218,2019,1
34226,2019,500
34293,2019,1
34311,2019,25
34351,2019,500
34354,2019,100
34358,2019,70
34368,2019,100
34369,2019,60
34402,2019,100
34438,2019,40
34444,2019,1
34464,2019,7000
34467,2019,110
34474,2019,1
34476,2019,1
34479,2019,125
34498,2019,1000
34499,2019,20
49,2018,20
72,2018,100
78,2018,200
83,2018,25
98,2018,50
102,2018,100
107,2018,230
205,2018,300
213,2018,130
216,2018,36
219,2018,25
224,2018,150
237,2018,50
257,2018,500
258,2018,1
280,2018,20
293,2018,40
299,2018,90
348,2018,660
354,2018,10
358,2018,70
370,2018,50
371,2018,300
375,2018,8
384,2018,240
387,2018,75
402,2018,100
419,2018,96
431,2018,27362
451,2018,100
452,2018,50
528,2018,200
529,2018,144
537,2018,120
542,2018,500
565,2018,500
571,2018,105
594,2018,300
595,2018,10
608,2018,15
628,2018,15
649,2018,274
696,2018,25
715,2018,200
716,2018,150
726,2018,96
759,2018,3000
769,2018,120
776,2018,25
810,2018,15500
816,2018,144
836,2018,75
839,2018,1
849,2018,1
850,2018,100
877,2018,4000
911,2018,200
926,2018,1
929,2018,50
960,2018,35
971,2018,45
1002,2018,1
1022,2018,173
1024,2018,25
1025,2018,96
1035,2018,901
1040,2018,240
1047,2018,175
1066,2018,49
1067,2018,40
1109,2018,100
1110,2018,100
1114,2018,500
1121,2018,25
1211,2018,136
1218,2018,2350
1226,2018,25
1242,2018,500
1266,2018,100
1281,2018,100
1312,2018,100
1320,2018,25
1348,2018,290
1359,2018,172
1362,2018,1
1388,2018,100
1415,2018,200
1422,2018,25
1452,2018,20
1489,2018,30
1493,2018,400
1591,2018,50
1601,2018,370
1617,2018,220
1627,2018,50
1629,2018,15
1631,2018,652
1655,2018,230
1658,2018,90
1660,2018,3
1679,2018,20
1681,2018,250
1686,2018,20
1687,2018,135
1691,2018,100
1701,2018,20
1705,2018,230
1746,2018,25
1760,2018,10
1769,2018,100
1784,2018,100
1793,2018,100
1794,2018,1
1799,2018,75
1815,2018,25
1818,2018,60
1862,2018,300
1875,2018,144
1907,2018,25
1915,2018,144
1939,2018,120
1973,2018,20
1983,2018,25
2010,2018,94
2024,2018,50
2077,2018,144
2078,2018,25
2125,2018,70
2136,2018,10
2168,2018,117
2173,2018,100
2194,2018,10
2215,2018,100
2224,2018,144
2251,2018,25
2257,2018,70
2278,2018,150
2320,2018,25
2338,2018,170
2391,2018,150
2394,2018,5
2450,2018,50
2468,2018,144
2476,2018,25
2497,2018,120
2509,2018,120
2526,2018,198
2579,2018,100
2603,2018,25
2604,2018,100
2616,2018,50
2643,2018,150
2670,2018,1
2671,2018,70
2685,2018,38
2734,2018,1000
2789,2018,1
2794,2018,25
2828,2018,200
2831,2018,5
2833,2018,40
2835,2018,75
2851,2018,25
2859,2018,20
2879,2018,30
2894,2018,80
2898,2018,144
2902,2018,3
2928,2018,200
2929,2018,1250000
2947,2018,10
2957,2018,144
2977,2018,144
2989,2018,150
3003,2018,25
3011,2018,50
3012,2018,10
3044,2018,10
3050,2018,10
3072,2018,400
3107,2018,300
3111,2018,4600
3121,2018,50
3147,2018,30
3177,2018,90
3183,2018,35
3196,2018,25
3197,2018,1
3219,2018,50
3259,2018,50
3271,2018,60
3287,2018,35000
3291,2018,3100
3292,2018,120
3295,2018,50
3298,2018,3000
3363,2018,75
3386,2018,1
3443,2018,100
3468,2018,144
3473,2018,210
3517,2018,25
3525,2018,25
3553,2018,100
3581,2018,100
3619,2018,250
3624,2018,250
3652,2018,84
3709,2018,1
3713,2018,5
3736,2018,40
3748,2018,20
3758,2018,20
3809,2018,130
3839,2018,25
3842,2018,300
3851,2018,1
3860,2018,21
3891,2018,50
3892,2018,100
3899,2018,25
3925,2018,4900
3934,2018,608
3942,2018,30
3954,2018,144
4026,2018,150
4061,2018,1
4069,2018,40
4071,2018,50
4075,2018,300
4091,2018,125
4111,2018,36
4129,2018,50
4171,2018,40
4186,2018,72
4188,2018,105
4231,2018,30
4233,2018,25
4238,2018,108
4266,2018,1
4277,2018,100000
4303,2018,150
4312,2018,200
4319,2018,40
4327,2018,50
4372,2018,1
4403,2018,150
4424,2018,200
4439,2018,200
4451,2018,100
4466,2018,1
4471,2018,50
4492,2018,7
4510,2018,100
4520,2018,180
4550,2018,36
4579,2018,1
4589,2018,100
4630,2018,100
4631,2018,175
4637,2018,150
4671,2018,20
4692,2018,100
4703,2018,144
4706,2018,10
4712,2018,249
4736,2018,120
4753,2018,10
4777,2018,38
4779,2018,600
4822,2018,150
4842,2018,9700
4854,2018,45
4859,2018,40
4872,2018,55
4884,2018,100
4911,2018,75
4917,2018,1
4948,2018,15
4949,2018,204
4955,2018,75
4963,2018,5
4976,2018,50
4980,2018,75
4983,2018,500
4986,2018,40
5016,2018,1000
5032,2018,120
5040,2018,50
5047,2018,26
5060,2018,150
5107,2018,600
5122,2018,25
5129,2018,100
5188,2018,100
5213,2018,50
5233,2018,175
5244,2018,100
5287,2018,400
5304,2018,145
5315,2018,100
5317,2018,394
5319,2018,100
5325,2018,150
5356,2018,135
5370,2018,1
5371,2018,110
5379,2018,100
5381,2018,261
5384,2018,25
5420,2018,15
5421,2018,3
5430,2018,25
5461,2018,622
5465,2018,65
5549,2018,1
5565,2018,35
5598,2018,94
5614,2018,5000
5626,2018,100
5635,2018,201
5640,2018,25
5689,2018,1055
5694,2018,400
5698,2018,100
5716,2018,50
5719,2018,1
5729,2018,10
5736,2018,50
5744,2018,20000
5751,2018,1
5766,2018,20
5795,2018,150
5800,2018,50
5812,2018,175
5816,2018,300
5833,2018,25
5847,2018,105
5855,2018,40
5870,2018,40
5874,2018,20
5879,2018,47
5909,2018,100
5913,2018,431
5918,2018,200
5933,2018,600
5952,2018,25
5953,2018,30
5956,2018,10
5960,2018,60
5985,2018,150
6011,2018,100
6014,2018,100
6028,2018,1
6035,2018,250
6039,2018,150
6060,2018,750
6125,2018,170
6136,2018,200
6146,2018,115
6192,2018,1
6246,2018,50
6268,2018,120
6273,2018,1500
6274,2018,100
6277,2018,1
6285,2018,40
6313,2018,1
6338,2018,120
6372,2018,317387
6383,2018,100
6389,2018,50
6413,2018,194
6444,2018,15
6498,2018,120
6516,2018,25
6544,2018,50
6549,2018,540
6562,2018,100
6569,2018,500
6581,2018,25
6603,2018,1000
6617,2018,100
6642,2018,60
6660,2018,5
6678,2018,80
6709,2018,25000
6737,2018,179
6739,2018,500
6745,2018,30
6769,2018,115
6779,2018,270
6780,2018,100
6786,2018,25
6795,2018,190
6796,2018,50
6802,2018,190
6836,2018,25
6885,2018,144
6888,2018,400
6898,2018,30
6924,2018,100
6947,2018,800
7010,2018,120
7026,2018,25
7044,2018,264
7052,2018,15
7065,2018,100
7105,2018,220
7120,2018,50
7145,2018,100
7156,2018,50
7195,2018,21
7196,2018,120
7197,2018,12
7220,2018,125
7225,2018,40
7235,2018,10
7241,2018,100
7246,2018,1
7251,2018,1200
7253,2018,100
7258,2018,144
7285,2018,175
7288,2018,25
7317,2018,150
7330,2018,12
7336,2018,3000
7340,2018,100
7373,2018,30
7384,2018,125
7393,2018,49
7420,2018,144
7421,2018,50
7422,2018,1
7470,2018,25
7484,2018,70
7495,2018,1
7503,2018,500
7508,2018,305
7513,2018,25
7546,2018,20
7561,2018,50
7563,2018,75
7568,2018,1250
7591,2018,30
7596,2018,24
7603,2018,100
7629,2018,225
7651,2018,10
7652,2018,100
7660,2018,180
7672,2018,30
7699,2018,1000
7721,2018,40
7730,2018,25
7739,2018,100
7779,2018,5000
7789,2018,179
7793,2018,120
7860,2018,1
7872,2018,1
7881,2018,20
7940,2018,1
7961,2018,100
7982,2018,35
7984,2018,1
7986,2018,15
7998,2018,26
8041,2018,40
8048,2018,100
8075,2018,50
8095,2018,40
8110,2018,500
8114,2018,105
8193,2018,25
8197,2018,40
8234,2018,144
8242,2018,15
8259,2018,15
8268,2018,25
8278,2018,100
8303,2018,100
8304,2018,60
8321,2018,12
8331,2018,25
8332,2018,150
8351,2018,20
8357,2018,120
8373,2018,15
8419,2018,50
8420,2018,10
8427,2018,1
8455,2018,300
8457,2018,500
8475,2018,35
8485,2018,40
8490,2018,600
8523,2018,35
8532,2018,500
8543,2018,100
8558,2018,20
8566,2018,100
8610,2018,75
8635,2018,15
8646,2018,40
8680,2018,150
8684,2018,290
8689,2018,52
8698,2018,45
8703,2018,1
8717,2018,30
8782,2018,100
8784,2018,240
8785,2018,100
8793,2018,150
8794,2018,1
8850,2018,1
8870,2018,25
8899,2018,150
8900,2018,10
8901,2018,6000
9006,2018,100
9027,2018,25
9029,2018,25
9035,2018,378
9053,2018,60
9076,2018,40
9088,2018,25
9091,2018,131
9116,2018,40
9134,2018,500
9141,2018,23
9146,2018,1
9185,2018,60
9237,2018,1
9262,2018,5
9276,2018,24
9286,2018,431
9293,2018,100
9296,2018,70
9341,2018,100
9348,2018,60
9349,2018,150
9360,2018,100
9404,2018,50
9420,2018,750
9422,2018,200
9452,2018,10
9453,2018,444
9459,2018,350
9475,2018,1250000
9480,2018,24
9506,2018,60
9507,2018,50
9541,2018,130
9542,2018,25
9568,2018,35
9585,2018,23
9591,2018,40
9607,2018,300
9608,2018,96
9642,2018,16
9650,2018,2
9652,2018,25
9694,2018,100
9763,2018,200
9774,2018,992
9777,2018,112
9823,2018,25
9840,2018,1
9857,2018,825
9877,2018,200
9884,2018,150
9891,2018,50
9907,2018,300
9919,2018,60
9928,2018,144
9931,2018,200
9989,2018,38
10015,2018,20
10028,2018,125
10052,2018,50
10054,2018,500
10138,2018,25
10171,2018,50
10192,2018,100
10215,2018,120
10218,2018,144
10221,2018,1
10231,2018,120
10240,2018,2
10259,2018,510
10299,2018,100
10316,2018,25
10320,2018,194
10324,2018,20
10342,2018,50
10351,2018,75
10392,2018,100
10405,2018,1
10406,2018,25
10423,2018,60
10428,2018,100
10429,2018,40
10431,2018,20
10444,2018,25
10462,2018,100
10466,2018,1500
10475,2018,170
10499,2018,100
10508,2018,95
10536,2018,100
10572,2018,13080
10573,2018,100
10574,2018,25
10576,2018,100
10605,2018,2500
10615,2018,200
10626,2018,75
10629,2018,200
10642,2018,100
10646,2018,150
10648,2018,60
10651,2018,30
10655,2018,100
10668,2018,200
10683,2018,80
10709,2018,40
10744,2018,40
10761,2018,15
10789,2018,25
10790,2018,700
10821,2018,200
10839,2018,30
10840,2018,25
10853,2018,1
10864,2018,50
10867,2018,408
10868,2018,100
10876,2018,10
10885,2018,125
10910,2018,40
10915,2018,200
10920,2018,660
10921,2018,100
10949,2018,1
10984,2018,100
11022,2018,48
11026,2018,20
11033,2018,50
11074,2018,75
11126,2018,184
11147,2018,340
11149,2018,25
11205,2018,100
11244,2018,75
11286,2018,25
11308,2018,100
11323,2018,200
11329,2018,60
11343,2018,48
11358,2018,50
11360,2018,50
11370,2018,60
11374,2018,25
11428,2018,150
11436,2018,96
11459,2018,50
11470,2018,10
11472,2018,5000
11494,2018,100
11513,2018,135
11515,2018,30
11520,2018,395
11522,2018,150
11524,2018,40
11568,2018,100
11585,2018,75
11609,2018,100
11620,2018,15
11672,2018,144
11674,2018,150
11683,2018,40
11685,2018,481
11717,2018,144
11720,2018,180
11729,2018,144
11750,2018,10
11780,2018,250
11836,2018,100
11845,2018,220
11857,2018,10
11906,2018,2
11908,2018,230
11909,2018,8
11938,2018,300
11983,2018,1000
12028,2018,25
12035,2018,220
12081,2018,200
12084,2018,144
12092,2018,200
12093,2018,144
12102,2018,100
12123,2018,50
12152,2018,175
12158,2018,60
12159,2018,500
12173,2018,150
12184,2018,25
12211,2018,75
12213,2018,1
12222,2018,100
12236,2018,200
12237,2018,180
12262,2018,144
12264,2018,1
12272,2018,100
12305,2018,60
12316,2018,25
12326,2018,100
12329,2018,25
12330,2018,144
12331,2018,25
12334,2018,36
12341,2018,94
12362,2018,400
12367,2018,48
12376,2018,20
12383,2018,2500
12395,2018,500
12418,2018,40
12425,2018,60
12466,2018,10
12470,2018,50
12484,2018,144
12491,2018,100
12517,2018,100
12594,2018,320
12599,2018,128
12621,2018,180
12641,2018,50
12678,2018,100
12690,2018,75
12700,2018,1
12710,2018,100
12726,2018,25
12735,2018,144
12741,2018,611
12783,2018,96
12800,2018,25
12820,2018,25
12838,2018,150
12865,2018,200
12869,2018,400
12874,2018,100
12886,2018,35
12893,2018,50
12903,2018,120
12922,2018,375
12930,2018,85
12931,2018,100
12955,2018,25
12962,2018,25
12971,2018,60
13004,2018,50
13042,2018,100
13048,2018,200
13064,2018,5
13079,2018,40
13083,2018,30
13085,2018,120
13138,2018,50
13149,2018,63
13170,2018,1
13175,2018,100
13178,2018,20
13179,2018,40
13204,2018,200
13206,2018,150
13219,2018,400
13241,2018,100
13257,2018,24
13270,2018,25
13283,2018,10
13292,2018,25
13294,2018,325
13349,2018,200
13353,2018,290
13365,2018,250
13386,2018,120
13421,2018,45
13429,2018,30
13447,2018,120
13472,2018,60
13496,2018,250
13508,2018,200
13546,2018,50
13580,2018,315
13600,2018,36
13619,2018,200
13685,2018,125
13690,2018,50
13757,2018,264
13771,2018,53
13781,2018,50
13792,2018,60
13845,2018,1
13877,2018,75
13878,2018,325
13927,2018,6
13945,2018,100
13949,2018,200
13952,2018,25
13956,2018,25
13969,2018,40
13973,2018,20
14029,2018,40
14060,2018,15
14068,2018,175
14098,2018,30
14100,2018,335
14105,2018,1000
14111,2018,200
14117,2018,70
14126,2018,10
14162,2018,1
14172,2018,144
14220,2018,30
14234,2018,10
14281,2018,36
14286,2018,50
14291,2018,20
14307,2018,100
14326,2018,500
14328,2018,3000
14331,2018,20
14355,2018,144
14391,2018,40
14402,2018,1
14483,2018,50
14512,2018,40
14523,2018,125
14527,2018,38
14545,2018,200
14559,2018,55
14561,2018,40
14574,2018,144
14583,2018,15
14595,2018,150
14623,2018,5
14630,2018,50
14661,2018,1
14675,2018,5
14702,2018,120
14742,2018,120
14763,2018,250
14803,2018,100
14804,2018,75
14807,2018,120
14818,2018,40
14820,2018,10
14888,2018,75
14900,2018,25
14906,2018,175
14912,2018,25
14917,2018,125
14948,2018,135
14952,2018,60
14953,2018,200
14956,2018,40
15019,2018,25
15056,2018,144
15091,2018,24
15138,2018,30
15178,2018,10
15206,2018,25
15242,2018,150
15248,2018,100
15305,2018,120
15326,2018,50
15327,2018,40
15340,2018,60
15379,2018,5
15392,2018,200
15394,2018,100
15403,2018,96
15469,2018,25
15477,2018,40
15480,2018,5
15505,2018,25
15510,2018,100
15535,2018,70
15561,2018,750
15585,2018,26
15595,2018,21
15602,2018,3000
15634,2018,49
15654,2018,96
15690,2018,5500
15706,2018,5
15718,2018,625
15725,2018,431
15779,2018,394
15785,2018,46592
15795,2018,10
15808,2018,70
15823,2018,50
15869,2018,75
15870,2018,20
15895,2018,300
15919,2018,250
15932,2018,50
15949,2018,20
15976,2018,150
15990,2018,135
15991,2018,40
16006,2018,50
16008,2018,25
16028,2018,100
16032,2018,50
16078,2018,100
16100,2018,40
16116,2018,200
16117,2018,40
16162,2018,25
16201,2018,26
16205,2018,12
16208,2018,50
16227,2018,20
16229,2018,144
16238,2018,25
16240,2018,25
16259,2018,100
16304,2018,100
16325,2018,150
16327,2018,1
16357,2018,5
16374,2018,120
16439,2018,25
16513,2018,105
16522,2018,1
16535,2018,250
16554,2018,40
16556,2018,50
16584,2018,25
16605,2018,70
16620,2018,135
16637,2018,25
16644,2018,200
16651,2018,1
16657,2018,110
16662,2018,144
16717,2018,200
16743,2018,100
16781,2018,100
16806,2018,70
16860,2018,60
16864,2018,500
16871,2018,100
16872,2018,70
16879,2018,144
16885,2018,100
16927,2018,30
16938,2018,25
16941,2018,100
16951,2018,100
16956,2018,10
16964,2018,250
17031,2018,25
17044,2018,20
17047,2018,1
17053,2018,150
17083,2018,25
17085,2018,145
17127,2018,25
17140,2018,25
17148,2018,10
17156,2018,40
17163,2018,75
17168,2018,1
17182,2018,108
17185,2018,60
17200,2018,120
17219,2018,70
17226,2018,1
17228,2018,240
17240,2018,10
17262,2018,25
17280,2018,50
17295,2018,600
17317,2018,100
17345,2018,25
17353,2018,1
17402,2018,100
17425,2018,45
17461,2018,1
17478,2018,50
17524,2018,50
17532,2018,5
17540,2018,40
17600,2018,25
17609,2018,3000
17611,2018,25
17623,2018,225
17625,2018,100
17627,2018,100
17631,2018,50
17655,2018,175
17658,2018,2
17680,2018,60
17693,2018,65
17717,2018,50
17726,2018,120
17732,2018,100
17733,2018,25
17742,2018,10
17759,2018,20
17767,2018,460
17783,2018,25
17812,2018,80
17826,2018,652
17840,2018,75
17861,2018,40
17896,2018,3000
17913,2018,36
17965,2018,1
17984,2018,5000
17992,2018,100
18004,2018,100
18007,2018,220
18010,2018,40
18018,2018,300
18032,2018,75
18090,2018,15
18101,2018,50
18130,2018,100
18137,2018,15
18181,2018,60
18196,2018,1
18203,2018,1
18204,2018,100
18244,2018,50
18266,2018,25
18288,2018,184
18307,2018,50
18317,2018,135
18323,2018,30
18392,2018,170
18402,2018,15
18405,2018,232
18438,2018,25
18448,2018,1
18486,2018,160
18500,2018,40
18501,2018,40
18512,2018,80
18518,2018,100
18521,2018,60
18526,2018,100
18571,2018,15
18615,2018,100
18618,2018,50
18669,2018,200
18673,2018,200
18676,2018,96
18683,2018,350
18684,2018,36
18734,2018,96
18735,2018,40
18752,2018,10
18774,2018,2600
18778,2018,200
18788,2018,10
18823,2018,100
18825,2018,240
18839,2018,100
18855,2018,100
18877,2018,200
18889,2018,100
18924,2018,100
18959,2018,96
18986,2018,100
19001,2018,6000
19032,2018,296
19061,2018,40
19069,2018,481
19105,2018,20
19110,2018,150
19144,2018,600
19145,2018,100
19148,2018,10
19152,2018,1
19165,2018,100
19172,2018,1
19181,2018,250
19182,2018,20
19221,2018,100
19243,2018,160
19246,2018,24
19257,2018,100
19258,2018,4800
19273,2018,144
19283,2018,351
19289,2018,40
19309,2018,125
19340,2018,1
19366,2018,50
19374,2018,95
19389,2018,65
19394,2018,15
19401,2018,500
19458,2018,200
19474,2018,1250
19492,2018,48
19515,2018,30
19542,2018,1
19607,2018,5
19617,2018,100
19630,2018,40
19636,2018,50
19643,2018,600
19751,2018,50
19765,2018,1
19842,2018,15
19913,2018,400
19915,2018,750
19916,2018,50
19920,2018,5
19923,2018,70
19930,2018,105
19932,2018,10
19933,2018,25
19949,2018,112
19967,2018,130
19972,2018,100
19974,2018,240
19975,2018,60
19976,2018,100
19994,2018,5
20000,2018,100
20023,2018,500
20085,2018,36
20107,2018,100
20111,2018,3175
20113,2018,200
20132,2018,300
20136,2018,2000
20139,2018,652
20151,2018,1
20154,2018,2500
20166,2018,50
20182,2018,21
20211,2018,660
20227,2018,200
20232,2018,96
20247,2018,130
20248,2018,250
20265,2018,2
20286,2018,25
20332,2018,25
20338,2018,552
20353,2018,992
20380,2018,96
20385,2018,15
20392,2018,60
20426,2018,100
20429,2018,10000
20430,2018,100
20431,2018,20
20441,2018,40
20448,2018,10
20517,2018,25
20528,2018,25
20529,2018,80
20532,2018,1000
20544,2018,25
20547,2018,200
20569,2018,250
20581,2018,15
20606,2018,250
20617,2018,1
20619,2018,1
20627,2018,1250
20667,2018,10
20668,2018,75
20679,2018,50
20686,2018,11300
20712,2018,220
20713,2018,125
20718,2018,12
20734,2018,1000
20757,2018,25
20785,2018,500
20787,2018,95
20802,2018,10
20804,2018,10
20824,2018,115
20831,2018,40
20835,2018,20
20856,2018,100
20874,2018,200
20879,2018,35000
20894,2018,35
20907,2018,25
20938,2018,50
20941,2018,150
20951,2018,25
21005,2018,144
21035,2018,96
21067,2018,60
21113,2018,125
21115,2018,1
21183,2018,20
21184,2018,100
21186,2018,10
21195,2018,50
21201,2018,100
21204,2018,144
21247,2018,60
21254,2018,100
21299,2018,5
21301,2018,200
21326,2018,169
21351,2018,5
21367,2018,40
21370,2018,2
21508,2018,100
21517,2018,50
21581,2018,20
21604,2018,20
21610,2018,1000
21623,2018,60
21648,2018,80
21674,2018,75
21686,2018,90
21694,2018,481
21715,2018,1
21719,2018,120
21737,2018,25
21791,2018,120
21805,2018,100
21831,2018,105
21846,2018,100
21900,2018,100
21905,2018,200
21918,2018,560
21935,2018,455
21945,2018,1
21976,2018,70
21996,2018,15
22001,2018,100
22005,2018,1000
22008,2018,50
22015,2018,100
22020,2018,264
22072,2018,235
22081,2018,1
22111,2018,140
22113,2018,40
22119,2018,50
22150,2018,25
22186,2018,35
22189,2018,200
22202,2018,500
22208,2018,30
22240,2018,1000
22241,2018,455
22252,2018,300
22284,2018,100
22331,2018,70
22334,2018,120
22363,2018,120
22381,2018,35
22398,2018,4300
22402,2018,198
22411,2018,100
22419,2018,3000
22463,2018,1
22491,2018,250
22503,2018,144
22530,2018,25
22546,2018,528
22560,2018,35
22579,2018,25
22588,2018,200
22609,2018,1
22646,2018,40
22664,2018,200
22674,2018,50
22687,2018,100
22692,2018,125
22694,2018,40
22732,2018,1
22755,2018,169
22765,2018,25
22774,2018,100
22785,2018,500
22807,2018,1
22810,2018,100
22817,2018,40
22911,2018,1000
22940,2018,25
22991,2018,40
23008,2018,120
23018,2018,50
23027,2018,10
23048,2018,50
23082,2018,96
23178,2018,100
23221,2018,20
23231,2018,1250
23285,2018,40
23317,2018,50
23322,2018,50
23335,2018,35
23343,2018,80
23365,2018,1
23382,2018,60
23390,2018,60
23398,2018,1000
23405,2018,11
23408,2018,1
23427,2018,40
23479,2018,35
23498,2018,250
23509,2018,25
23519,2018,30
23520,2018,144
23552,2018,80
23557,2018,100
23571,2018,135
23573,2018,20
23610,2018,140
23619,2018,5
23641,2018,175
23646,2018,50
23647,2018,30
23656,2018,1
23657,2018,5
23660,2018,238
23687,2018,500
23738,2018,1250
23758,2018,8
23760,2018,400
23792,2018,1
23806,2018,300
23833,2018,50
23865,2018,300
23884,2018,20000
23906,2018,150
23916,2018,500
23918,2018,96
23961,2018,150
23966,2018,25
23996,2018,75
23998,2018,1
24000,2018,100
24022,2018,2000
24055,2018,100
24080,2018,120
24082,2018,600
24104,2018,200
24115,2018,75
24118,2018,20
24138,2018,96
24192,2018,21
24207,2018,35
24224,2018,175
24229,2018,200
24258,2018,72
24301,2018,25
24350,2018,6
24361,2018,1
24376,2018,100
24411,2018,60
24417,2018,35
24436,2018,20
24448,2018,50
24464,2018,50
24503,2018,400
24515,2018,30
24561,2018,100
24577,2018,25
24578,2018,61
24591,2018,25
24649,2018,120
24650,2018,250
24682,2018,200
24745,2018,100
24748,2018,20
24755,2018,10
24757,2018,220
24761,2018,60
24786,2018,100
24806,2018,700
24824,2018,50
24877,2018,30
24907,2018,10
24919,2018,100
24934,2018,150
24939,2018,160
24943,2018,130
24945,2018,20
24956,2018,150
24957,2018,50
24989,2018,144
25031,2018,20
25034,2018,200
25045,2018,25
25055,2018,1
25059,2018,12
25066,2018,25
25086,2018,238
25105,2018,10000
25184,2018,2000
25213,2018,100
25221,2018,50
25260,2018,10
25267,2018,94
25303,2018,155
25304,2018,10
25310,2018,75
25318,2018,660
25385,2018,48
25406,2018,90
25465,2018,1
25478,2018,25
25523,2018,100
25553,2018,116
25571,2018,901
25575,2018,52
25583,2018,120
25589,2018,160
25609,2018,43
25630,2018,60
25631,2018,250
25642,2018,200
25649,2018,100
25670,2018,375
25695,2018,13080
25766,2018,100
25768,2018,94
25774,2018,25
25788,2018,25
25806,2018,25
25809,2018,200
25826,2018,1300
25828,2018,25
25843,2018,25
25881,2018,140
25882,2018,50
25893,2018,1
25909,2018,25
25913,2018,50
25914,2018,48
25915,2018,50
25917,2018,185
25934,2018,15
25939,2018,1055
25942,2018,25
25949,2018,50
26001,2018,100
26022,2018,70
26024,2018,150
26027,2018,60
26057,2018,120
26063,2018,50
26072,2018,170
26074,2018,240
26075,2018,20
26081,2018,120
26116,2018,2
26119,2018,25
26125,2018,116
26134,2018,126
26135,2018,1
26177,2018,25
26204,2018,240
26216,2018,65
26218,2018,50
26237,2018,100
26281,2018,300
26283,2018,150
26292,2018,25
26344,2018,200
26367,2018,40
26372,2018,100
26381,2018,3000
26404,2018,100
26406,2018,100
26424,2018,48
26435,2018,1
26457,2018,150
26483,2018,175
26501,2018,400
26518,2018,20
26528,2018,24
26533,2018,50
26558,2018,100
26588,2018,144
26593,2018,300
26603,2018,20
26624,2018,25
26634,2018,70
26647,2018,100
26654,2018,250
26659,2018,500
26672,2018,2032
26693,2018,1
26733,2018,25
26773,2018,25
26787,2018,1
26789,2018,200
26823,2018,144
26847,2018,50
26848,2018,60
26860,2018,4000
26863,2018,100
26874,2018,110
26917,2018,120
26938,2018,264
26953,2018,75
26988,2018,60
26998,2018,200
27007,2018,802
27014,2018,500
27040,2018,300
27041,2018,160
27119,2018,500
27124,2018,40
27147,2018,40
27157,2018,144
27173,2018,144
27177,2018,50
27180,2018,170
27187,2018,1000
27188,2018,144
27200,2018,8
27201,2018,20
27215,2018,100
27238,2018,46592
27265,2018,400
27302,2018,1
27329,2018,25
27332,2018,100
27336,2018,25
27337,2018,455
27365,2018,48
27411,2018,375
27421,2018,100
27440,2018,135
27444,2018,378
27450,2018,100
27506,2018,20
27560,2018,400
27563,2018,96
27584,2018,3000
27618,2018,10
27654,2018,10
27678,2018,1
27682,2018,20
27705,2018,1
27786,2018,100
27805,2018,150
27875,2018,1
27884,2018,25
27898,2018,20
27901,2018,50
27915,2018,24
27917,2018,25
27918,2018,45
27936,2018,1250
27937,2018,60
27939,2018,640
27945,2018,100
27947,2018,25
27972,2018,3
27973,2018,100
27980,2018,25
27981,2018,25
27982,2018,50
27988,2018,100
27993,2018,15
28024,2018,25
28037,2018,20
28046,2018,25
28047,2018,90
28050,2018,100
28076,2018,118
28090,2018,100
28095,2018,20
28101,2018,120
28119,2018,15
28129,2018,264
28139,2018,25
28150,2018,5
28155,2018,120
28156,2018,100
28175,2018,200
28177,2018,50
28201,2018,10
28257,2018,1
28265,2018,25
28284,2018,60
28292,2018,50
28302,2018,30
28311,2018,350
28315,2018,10
28338,2018,5
28343,2018,105
28345,2018,1
28353,2018,75
28356,2018,1
28392,2018,25
28409,2018,135
28412,2018,1
28415,2018,40
28445,2018,1
28458,2018,170
28472,2018,36
28473,2018,35
28478,2018,145
28479,2018,1500
28484,2018,100
28499,2018,100
28503,2018,40
28510,2018,100
28531,2018,75
28534,2018,100
28541,2018,100
28561,2018,75
28562,2018,100
28570,2018,10
28575,2018,25
28584,2018,96
28619,2018,100
28625,2018,150
28669,2018,50
28685,2018,25
28697,2018,150
28710,2018,1
28737,2018,1
28749,2018,80
28798,2018,20
28800,2018,10
28833,2018,100
28845,2018,10
28874,2018,1
28893,2018,330
28995,2018,200
29023,2018,300
29031,2018,40
29059,2018,120
29064,2018,40
29076,2018,35
29084,2018,25
29112,2018,100
29134,2018,1
29135,2018,100
29188,2018,10
29206,2018,353000
29213,2018,94
29231,2018,144
29244,2018,1200
29247,2018,120
29251,2018,144
29276,2018,25
29278,2018,5000
29284,2018,25
29296,2018,50
29302,2018,75
29315,2018,9700
29339,2018,225
29350,2018,36
29381,2018,100
29382,2018,60
29388,2018,120
29396,2018,235
29424,2018,30
29434,2018,25
29437,2018,45
29440,2018,100
29442,2018,70
29459,2018,200
29475,2018,25
29511,2018,50
29580,2018,15
29604,2018,48
29636,2018,90
29656,2018,100
29662,2018,30
29677,2018,50
29683,2018,1
29702,2018,10
29706,2018,3000
29718,2018,25
29720,2018,120
29817,2018,150
29818,2018,100
29852,2018,500
29866,2018,25
29905,2018,100
29916,2018,100
29949,2018,25
30009,2018,144
30071,2018,100
30113,2018,94
30117,2018,90
30138,2018,30
30141,2018,552
30142,2018,25
30159,2018,100
30180,2018,200
30191,2018,25
30219,2018,150
30230,2018,30
30254,2018,35
30267,2018,40
30270,2018,120
30276,2018,5
30284,2018,1
30296,2018,25
30304,2018,50
30310,2018,100
30311,2018,72
30323,2018,200
30355,2018,50
30369,2018,40
30372,2018,60
30406,2018,100
30428,2018,145
30460,2018,200
30488,2018,415
30520,2018,351
30531,2018,20
30543,2018,400
30548,2018,2
30551,2018,144
30578,2018,144
30588,2018,150
30594,2018,50
30600,2018,75
30610,2018,250
30649,2018,20
30682,2018,5000
30690,2018,20
30693,2018,200
30703,2018,100
30704,2018,320
30711,2018,40
30727,2018,50
30769,2018,1
30793,2018,400
30800,2018,25
30806,2018,25
30818,2018,100
30819,2018,1250
30842,2018,125
30848,2018,25
30849,2018,600
30852,2018,125
30883,2018,180
30900,2018,75
30961,2018,100
30965,2018,300
30988,2018,625
31010,2018,150
31018,2018,100
31028,2018,144
31029,2018,10
31080,2018,100
31111,2018,15
31127,2018,50
31135,2018,4900
31148,2018,150
31181,2018,375
31256,2018,100
31257,2018,100
31285,2018,190
31310,2018,100
31315,2018,144
31374,2018,145
31397,2018,24
31399,2018,25
31450,2018,25
31454,2018,1
31465,2018,261
31469,2018,1
31480,2018,60
31485,2018,25
31488,2018,40
31501,2018,51
31576,2018,25
31598,2018,15
31601,2018,250
31607,2018,3
31613,2018,500
31627,2018,80
31629,2018,125
31631,2018,250
31675,2018,5
31699,2018,45
31707,2018,100
31720,2018,1
31747,2018,49
31757,2018,25
31781,2018,100
31842,2018,20
31844,2018,120
31850,2018,400
31861,2018,45
31866,2018,80
31882,2018,25
31904,2018,200
31914,2018,60
31925,2018,120
31966,2018,10
31971,2018,200
31983,2018,50
31992,2018,5000
32006,2018,15
32063,2018,200
32090,2018,50
32175,2018,35
32183,2018,1
32317,2018,25
32332,2018,144
32370,2018,1
32421,2018,50
32442,2018,120
32459,2018,90
32482,2018,600
32492,2018,48
32508,2018,180
32532,2018,20
32549,2018,3000
32574,2018,20
32585,2018,30
32589,2018,120
32597,2018,200
32598,2018,315
32602,2018,200
32649,2018,40
32654,2018,120
32703,2018,50
32711,2018,100
32742,2018,120
32761,2018,1
32773,2018,11
32795,2018,75
32809,2018,2
32811,2018,200
32821,2018,25
32845,2018,20
32879,2018,40
32881,2018,800
32923,2018,340
32957,2018,35
32971,2018,94
33009,2018,10
33011,2018,10
33031,2018,20
33040,2018,1
33044,2018,25
33046,2018,400
33050,2018,15
33071,2018,20
33073,2018,1
33078,2018,50
33089,2018,1
33095,2018,340
33104,2018,20
33149,2018,200
33167,2018,100
33180,2018,84
33187,2018,353000
33203,2018,40
33205,2018,100
33212,2018,100
33222,2018,100
33225,2018,60
33226,2018,50
33260,2018,25
33267,2018,144
33300,2018,25
33303,2018,50
33321,2018,60
33330,2018,1
33340,2018,120
33346,2018,100
33380,2018,20
33402,2018,40
33410,2018,200
33416,2018,60
33420,2018,1
33424,2018,40
33436,2018,600
33461,2018,15
33473,2018,1
33481,2018,25
33496,2018,50
33497,2018,100
33498,2018,25
33508,2018,100
33515,2018,622
33537,2018,100
33542,2018,115
33559,2018,1
33560,2018,24
33583,2018,1
33594,2018,250
33613,2018,120
33622,2018,10
33627,2018,50
33639,2018,622
33667,2018,25
33682,2018,1
33716,2018,144
33734,2018,100
33791,2018,200
33845,2018,115
33849,2018,40
33876,2018,30
33880,2018,11300
33882,2018,50
33913,2018,50
33940,2018,100
33946,2018,264
33951,2018,94
33956,2018,100
33992,2018,100
34008,2018,85
34070,2018,100
34080,2018,5
34093,2018,375
34107,2018,1
34138,2018,220
34145,2018,100
34153,2018,3
34160,2018,120
34185,2018,150
34188,2018,75
34297,2018,25
34298,2018,144
34316,2018,200
34329,2018,25
34359,2018,40
34365,2018,5
34401,2018,90
34413,2018,180
34430,2018,43
34431,2018,240
34432,2018,305
34439,2018,50
34450,2018,40
34455,2018,50
34461,2018,150
34476,2018,25
34481,2018,15
34485,2018,25
34492,2018,1
34495,2018,20
